{
  "optimal_threshold": 0.8199467062950134,
  "metrics": {
    "precision": 0.9318377911993098,
    "recall": 0.8005930318754633,
    "f1": 0.861244019138756,
    "pr_auc": 0.924508450881234,
    "threshold_used": 0.8199467062950134
  }
}